Name,Price
KBQ T500 Smart Watch-0010 Smartwatch,"₹1,049"
TXOR Storm M5 35mm Screen with SPO2 and BPM Smartwatch,₹649
"boAt Storm 1.3"" CurvedDisplay Smartwatch","₹2,999"
"boAt Storm 1.3"" CurvedDisplay Smartwatch","₹2,999"
"boAt Storm 1.3"" CurvedDisplay Smartwatch","₹2,999"
"boAt Storm 1.3"" CurvedDisplay Smartwatch","₹2,999"
"boAt Storm 1.3"" CurvedDisplay Smartwatch","₹2,999"
GIONEE Ufit 6 Smartwatch,"₹2,799"
"boAt Storm 1.3"" CurvedDisplay Smartwatch","₹2,999"
Noise ColorFit Caliber Smartwatch,"₹2,699"
Noise ColorFit Qube SpO2 Smartwatch,"₹1,799"
KBQ T500 Bluetooth Calling Function Smart Watch-01 Smartwatch,"₹1,049"
DIZO Watch R AMOLED with 45 mm Dial Size (by realme techLife),"₹3,999"
realme TechLife watch S100 1.69 HD Display with Temperature Sensor Smartwatch,"₹2,499"
DIZO Watch 2 Sports (by realme TechLife),"₹2,499"
"Fire-Boltt Ring 2 1.69"" LCD Display with Bluetooth calling function with Voice Assistance Smartwatch","₹4,999"
DIZO Watch 2 Sports (by realme TechLife),"₹2,499"
DIZO Watch 2 Sports (by realme TechLife),"₹2,499"
DIZO Watch 2 Sports (by realme TechLife),"₹2,499"
KBQ T500 Smart Watch-005 Smartwatch,"₹1,049"
Noise ColorFit Qube SpO2 Beige Gold Smartwatch,"₹1,799"
JOCOBOO ID116 Smartwatch,₹497
Ambrane Fitshot Flex 1.69inch Lucid display and SPO2 Smartwatch,"₹1,999"
GIONEE Stylfit GSW10 Smartwatch,"₹1,899"
